donor_key,entity_id,reason,evidence,submitted_by
JEFFREY YASS|BALA CYNWYD|PA,E0001,"Primary spelling; employer reported as self employed, Bala Cynwyd is SIG's headquarters",2024 Students First PAC filings (filer 2010165),seed
JEFFERY YASS|HAVERFORD|PA,E0001,"Typo of Jeffrey; employer reported as Mng Director, Susquehanna Partners; Haverford is his residence",2024 Chester County Republican Committee filing (filer 7900259),seed
COMMONWEALTH CHILDREN CHOICE FUND|HARRISBURG|PA,E0002,"Same committee, same Harrisburg address, possessive dropped",2024 Dave Sunday for AG filings (filer 20230211),seed
COMMONWEALTH CHILDRENS CHOICE FUND|HARRISBURG|PA,E0002,"Same committee, possessive without apostrophe",2024 Dave Sunday for AG filings (filer 20230211),seed
JEFF YASS|BALA CYNWYD|PA,E0001,"Short first name; employer filed as Susquehanna International Group / SIG, occupation Managing Director or CEO; Bala Cynwyd is SIG's headquarters","Students First PAC 2012 and 2019 reports (filer 2010165, reports 112896 and 310498); Pennsylvania Rising 2023 (filer 20230102, report 390688); Chester County Republican Committee 2025 (filer 7900259, report 427718)",maintainer
JEFF YASS|HAVERFORD|PA,E0001,"Short first name at his Haverford residence; employer filed as Susquehanna Partners / Susquehanna International Group, occupation Managing Director, Trader or Owner on 17 of 19 gifts; the Phila Stock Exchange PAC gift matches his seat on that exchange","Phila Stock Exchange PAC 2000 (filer 8200189, report 6335); Make a Difference PAC 2010 (filer 9700276, report 76219); Republican Committee of Lower Merion & Narberth 2010 (filer 7900280, report 83580); Commonwealth Leaders Fund 2018 (filer 20170358, report 301393)",maintainer
MR JEFFREY YASS|HAVERFORD|PA,E0001,"Honorific prefixed to the full name at his Haverford residence; single gift to the Republican State Committee in 2009, employer left as information requested","Republican State Committee of Pennsylvania 2009 (filer 7900597, report 74746)",maintainer
JEFFREY YASS|HAVERFORD|PA,E0001,"Full name at his Haverford residence; employer filed as Susquehanna International Group LLP, occupation Managing Director","Green for Philadelphia 2011 and 2013 (filer 2009319, reports 85130 and 131847)",maintainer
JEFF YASS|EXTON|PA,E0001,"City filed as Exton, where he has not lived, but employer Susquehanna International Group and occupation Options Trader match; one gift in 2008","Steve Kantrowitz for Senate 2008 (filer 2007182, report 68961)",maintainer
