name_normalized,kind,reason
TOTAL OTHER CONTRIBUTIONS,aggregate,"Not a donor: filers use this placeholder for the unitemized total of contributions of $50 or less"
UNITEMIZED,aggregate,"Placeholder for unitemized small contributions"
UNITEMIZED CONTRIBUTIONS,aggregate,"Placeholder for unitemized small contributions"
REPUBLICAN STATE LEADERSHIP COMMITTEE,committee,"National party committee reported on the individual schedule by some filers"
REPUBLICAN ATTORNEYS GENERAL ASSOCIATION,committee,"527 political organization reported on the individual schedule by some filers"
MISCELLANEOUS,aggregate,"Placeholder some filers use for a lump sum rather than a named donor"
PA HDCC,committee,"Abbreviation of the Pennsylvania House Democratic Campaign Committee"
PA HOUSE DEMOCRATIC CAMPAIGN COMMITTTEE,committee,"Pennsylvania House Democratic Campaign Committee, misspelled with three Ts in filings"
DEMOCRACYFIRST,organization,"democracyFIRST, a political nonprofit, not an individual"
CONTRIBUTIONS FROM NON PA SOURCES,aggregate,"Lump sum of out-of-state contributions, not a donor"
AGGREGATE NON PA TRANSACTIONS,aggregate,"Lump sum of out-of-state contributions, not a donor"
AGGREGATE OUT OF STATE TRANSACTIONS,aggregate,"Lump sum of out-of-state contributions, not a donor"
NON PENNSYLVANIA CONTRIBUTORS,aggregate,"Lump sum of out-of-state contributions, not a donor"
NON PA RECEIPTS,aggregate,"Lump sum of out-of-state contributions, not a donor"
CONTRIBUTIONS FROM FEC REPORT SEE PAPER FILING,aggregate,"Pointer to a federal filing, not a donor"
CONTRIBUTIONS FROM FEC REPORT SEE FEC FILING,aggregate,"Pointer to a federal filing, not a donor"
